article_id,article_title,predicted_label,actual_label,confidence,prob_up,prob_down,prob_neutral
FNSPID_03159,Another ETF Avenue For Video Game Access,neutral,up,0.3883,0.3409,0.2709,0.3883
FNSPID_11144,10 Worst Performing S&P 500 Stocks Of The Decade,neutral,neutral,0.3677,0.3677,0.3204,0.3119
FNSPID_02654,Deutsche Bank Turns Bullish On Transports For 2020,neutral,neutral,0.3434,0.3434,0.3175,0.3391
FNSPID_07230,"Benzinga Pro's Top 5 Stocks To Watch For Mon., Nov. 18, 2019: TMUS, NBY, SPLK, QD, HD",neutral,down,0.3557,0.3557,0.306,0.3383
FNSPID_02637,Can Precision Scheduled Railroading Save The Railroads' Third-Quarter Profits?,neutral,up,0.3779,0.3679,0.2542,0.3779
FNSPID_05610,68 Biggest Movers From Yesterday,neutral,down,0.3976,0.3751,0.3976,0.2273
FNSPID_09787,Shares of several oil & gas companies are trading higher amid easing trade tensions. China's Ministry of Commerce said the country is willing to calmly resolve the trade dispute with the USA and is against any further escalation in tensions.,up,neutral,0.4533,0.4533,0.2575,0.2892
FNSPID_08152,Here's Every Major Retailer's Black Friday Weekend Shopping Hours,neutral,neutral,0.4546,0.2767,0.2687,0.4546
FNSPID_04737,A Preview Of FedEx's Earnings,neutral,down,0.3747,0.3393,0.286,0.3747
FNSPID_02169,"Cigna shares trading lower, leading stocks in the healthcare provider space down. Today is the fifth day in a row the stock price failed to break above a resistance area around $165. Not seeing company- or industry-specific news to justify the move lower.",neutral,neutral,0.3653,0.3653,0.343,0.2918
FNSPID_14701,Shares of several tech companies are trading higher with the broader stock market after the Chinese Minister of Commerce said the leaders of the US and China are set to meet in Washington D.C in October.,neutral,neutral,0.3973,0.3973,0.305,0.2978
FNSPID_10115,Shares of several oil and gas companies are trading higher following a larger-than-expected draw in US crude inventories.,up,down,0.4537,0.4537,0.3012,0.2451
FNSPID_14147,5 Stocks Moving In Tuesday's After-Hours Session,up,down,0.4402,0.4402,0.2952,0.2646
FNSPID_07695,"BMO Capital Reiterates Market Perform on Kroger, Raises Price Target to $26",neutral,neutral,0.3495,0.3495,0.3173,0.3332
FNSPID_02138,"UBS Maintains Buy on Cigna, Raises Price Target to $222",neutral,neutral,0.3504,0.3504,0.3048,0.3448
FNSPID_08678,"UPDATE: Morgan Stanley On Eli Lilly Notes 'While Novo appears set to win market share in diabetes, we still expect strong and durable Lilly franchise growth, including benefits from initial high-dose Trulicity sales in 2021 and tirzepatide in 2022'",up,up,0.4396,0.4396,0.2332,0.3272
FNSPID_07649,Kroger Option Alert: Apr 17 $29 Calls Sweep (33) near the Ask: 713 @ $1.217 vs 188 OI; Earnings 12/5 Before Open [est] Ref=$26.92,neutral,down,0.3665,0.3665,0.3092,0.3244
FNSPID_03152,"NCAA Will Let College Athletes Profit Off Their Name, Likeness",neutral,up,0.4262,0.3022,0.2716,0.4262
FNSPID_10692,10 Biggest Price Target Changes For Wednesday,neutral,neutral,0.3879,0.3168,0.2954,0.3879
FNSPID_02641,Commentary: CSX Beta Test Trip Plans Score Card Introduced,neutral,neutral,0.3722,0.3472,0.2806,0.3722
FNSPID_09776,"SunTrust Robinson Humphrey Initiates Coverage On Occidental Petroleum with Hold Rating, Announces $48 Price Target",neutral,neutral,0.3576,0.3487,0.2937,0.3576
FNSPID_07227,"'Fast Money Halftime Report' Traders Advise Viewers On Microsoft, Apple And More",neutral,down,0.357,0.357,0.32,0.323
FNSPID_09728,Portfolio Manager Cole Smead Says Warren Buffett Is Watching Walgreens,neutral,neutral,0.3598,0.3598,0.3002,0.34
FNSPID_07208,Home Depot Lowers Sales Forecast For The Remainder Of 2019,neutral,down,0.3664,0.3073,0.3664,0.3263
FNSPID_02160,A Peek Into The Markets: US Stock Futures Up; Crude Oil Falls Over 1%,neutral,neutral,0.3899,0.3899,0.2929,0.3172
FNSPID_09216,Stocks That Hit 52-Week Highs On Monday,neutral,up,0.3954,0.3093,0.2953,0.3954
FNSPID_05636,Here's Every Major Retailer's Black Friday Weekend Shopping Hours,neutral,up,0.4546,0.2767,0.2687,0.4546
FNSPID_04684,"Benzinga's Top Upgrades, Downgrades For December 24, 2019",neutral,up,0.3786,0.3786,0.3068,0.3145
FNSPID_04896,"UPDATE: FedEx Reports Average 4.9% Price Increase For US Domestic, US Export/Import Via FedEx Express, FedEx Ground, FedEx Home Delivery",neutral,neutral,0.3943,0.3943,0.286,0.3196
FNSPID_00113,American Eagle Outfitters shares are trading lower on seemingly no company-specific news. The stock touched the $18 resistance level and couldn't break it.,neutral,down,0.3419,0.3419,0.3256,0.3326
FNSPID_10707,"Shares of several healthcare companies are trading lower, potentially on recent Democratic primary polls showing Senator Elizabeth Warren in the lead.",neutral,down,0.3552,0.3505,0.3552,0.2943
FNSPID_03609,Japan To Fund $10B Into Liquefied Nat Gas,neutral,neutral,0.3666,0.3666,0.323,0.3103
FNSPID_03604,FBN's Edward Lawrence Says Two Japanese Reporters Were Told By Japan's Minister Of Foreign Affairs That US-Japan Trade Deal Is Done And Will Be Released Tomorrow,up,neutral,0.412,0.412,0.292,0.2961
FNSPID_09142,"'Fast Money Halftime Report' Traders Weigh In On Adobe, Shake Shack And More",neutral,down,0.3341,0.3328,0.3341,0.3331
FNSPID_09178,Medtronic Announces Early Feasibility Trial For Intrepid Transcatheter Mitral Valve Replacement System With Transfemoral Transseptal Approach,neutral,up,0.3384,0.332,0.3296,0.3384
FNSPID_13162,Tyson To Prohibit Ractopamine Use In Pork,neutral,up,0.3569,0.3569,0.2902,0.3528
FNSPID_03158,"UPDATE: Barclays Downgrades EA To Equal Weight Notes 'After a string of disappointing results from the last Star Wars title, Battlefield V, and Anthem, we think investors will need to see a couple of successful title releases before EA's multiple reverts'",up,up,0.4325,0.4325,0.2509,0.3166
FNSPID_04869,4 Industrials Stocks Moving In Wednesday's Pre-Market Session,up,up,0.4397,0.4397,0.3028,0.2575
FNSPID_12113,Cannabis Stocks Up In Smoke After Hexo Withdraws 2020 Guidance,neutral,neutral,0.3756,0.3756,0.3006,0.3238
FNSPID_05484,"The Daily Biotech Pulse: NewLink Genetics Licenses Ovarian Cancer Dug, Correvio Awaits FDA Verdict",neutral,neutral,0.4244,0.3325,0.2431,0.4244
FNSPID_10695,Regeneron Pharmaceuticals Says In Sept. Received A Civil Investigative Demand From The DOJ Pursuant To The Federal False Claims Act,neutral,down,0.35,0.35,0.3323,0.3177
FNSPID_04156,Shares of several basic material companies are trading higher on renewed trade optimism. White House Economic Advisor Larry Kudlow said the December tariffs could be removed if U.S.-China trade talks go well.,up,up,0.4236,0.4236,0.2668,0.3095
FNSPID_07291,"Wedbush Maintains Neutral on Home Depot, Raises Price Target to $230",neutral,neutral,0.3491,0.323,0.328,0.3491
FNSPID_00728,"Shares of companies in the semiconductor space are trading higher in sympathy with NVIDIA, which reported better-than-expected Q2 results.",up,up,0.4287,0.4287,0.3189,0.2524
FNSPID_09163,The Week Ahead In Biotech: Clinical Readouts In Focus As Earnings Wind Down,neutral,neutral,0.3535,0.3535,0.2945,0.3521
FNSPID_07237,Edward Jones Downgrades Home Depot to Hold,neutral,neutral,0.3432,0.3377,0.3191,0.3432
FNSPID_09777,Shares of several oil & gas companies are trading lower after Saudi Arabia announced it is close to restoring 70% of the 5.7 million BPD of oil output loss and will be back at normal levels in a matter of weeks. NOTE: The return of output to normal levels was initially expected to take months.,neutral,down,0.3506,0.3466,0.3506,0.3028
FNSPID_11185,10 Biggest Price Target Changes For Monday,neutral,up,0.3916,0.3179,0.2905,0.3916
FNSPID_08740,"The Daily Biotech Pulse: Therapix Extends Merger Deadline, Five Prime Restructures, Gilead-Galapagos Rheumatism Drug Readout",neutral,neutral,0.4174,0.325,0.2577,0.4174
FNSPID_00671,EU Antitrust Head Vestager to Hold News Conference Expected to Focus on Broadcom,neutral,neutral,0.3822,0.3822,0.3202,0.2977
FNSPID_01625,Shares of several banks and broader financial companies are trading higher after interest rates increased.,up,neutral,0.4172,0.4172,0.3022,0.2806
FNSPID_12664,"8 Stocks To Watch For August 20, 2019",neutral,up,0.3928,0.3928,0.3351,0.2721
FNSPID_06702,From Halliburton Q3 Earnings Conference Call: Will Keep Cutting Costs In North American Operations,neutral,up,0.3897,0.3897,0.3102,0.3001
FNSPID_10128,"Petrobras Will Announce Non-Binding Phase For Sale Of Reman, Lubnor Refineries, Xisto Unit In Coming Weeks",neutral,down,0.3743,0.3743,0.3286,0.2971
FNSPID_04130,Freeport-McMoRan shares are trading higher as positive US-China trade comments and falling inventories push copper prices higher.,up,neutral,0.4341,0.4341,0.2902,0.2757
FNSPID_04153,"BMO Capital Maintains Market Perform on Freeport-McMoRan, Raises Price Target to $12",neutral,up,0.3456,0.3456,0.3131,0.3413
FNSPID_06105,"10 Stocks To Watch For November 5, 2019",neutral,down,0.3821,0.3821,0.3327,0.2852
FNSPID_09160,"Medtronic Q2 Adj. EPS $1.31 Beats $1.28 Estimate, Sales $7.706B Beat $7.66B Estimate",neutral,neutral,0.3767,0.3767,0.3287,0.2946
FNSPID_08215,Kohl's Reaffirms FY19 EPS Guidance Of $5.15-$5.45 vs $5.23 Est.,neutral,up,0.3781,0.3781,0.3562,0.2657
FNSPID_04832,8 Latest Short Seller Targets,neutral,down,0.3727,0.3727,0.3381,0.2892
FNSPID_11207,Fluid Delivery Announces David Christmas CEO,neutral,down,0.3515,0.3266,0.3219,0.3515
FNSPID_01175,Getting Active With A Financial Services ETF,neutral,down,0.3592,0.3453,0.2955,0.3592
FNSPID_14122,"With China Trade Back In Focus, Strong Earnings From Apple, Facebook Blunt The Blow",neutral,neutral,0.3683,0.3683,0.2907,0.3411
FNSPID_07680,Kroger Reports Q2 Earnings Beat,neutral,up,0.3825,0.3825,0.3712,0.2463
FNSPID_03148,From EA Earnings Conference Call: Will Not Ship NBA Live Game In FY20,neutral,up,0.3923,0.3923,0.3161,0.2917
FNSPID_12651,Stocks That Hit 52-Week Highs On Thursday,neutral,neutral,0.3933,0.3143,0.2923,0.3933
FNSPID_04162,Shares of several basic material companies are trading higher after President Trump made positive remarks on the U.S.-China trade talks as traders grew more optimistic over the possibility of a limited trade deal. Trump is scheduled to meet with Chinese Vice Premier Liu He at the White House today.,neutral,neutral,0.3544,0.3497,0.2959,0.3544
FNSPID_00656,"Morgan Stanley Upgrades Broadcom to Overweight, Raises Price Target to $367",neutral,down,0.3409,0.3409,0.3216,0.3375
FNSPID_04149,Shares of most major miners trading higher with the broader stock market following mixed manufacturing data around the globe but much better-than-expected jobs data out of the US.,up,up,0.4123,0.4123,0.3157,0.272
FNSPID_01158,American Express Trades Higher On Q3 Earnings Beat,neutral,up,0.364,0.364,0.318,0.318
FNSPID_07191,"Morgan Stanley Maintains Overweight on Home Depot, Lowers Price Target to $235",neutral,up,0.3423,0.3423,0.3157,0.342
FNSPID_06734,"Wells Fargo Maintains Outperform on Halliburton, Lowers Price Target to $26",neutral,up,0.3411,0.3411,0.3252,0.3337
FNSPID_08756,CHMP Issues Positive Opinion To Expand Lilly's Trulicity Label To Include Results From REWIND Cardiovascular Outcomes Trial,neutral,down,0.3975,0.3975,0.2759,0.3265
FNSPID_06689,"Cowen & Co. Maintains Outperform on Halliburton, Lowers Price Target to $27",neutral,up,0.348,0.348,0.3317,0.3203
FNSPID_07219,28 Stocks Moving in Tuesday's Pre-Market Session,up,down,0.4228,0.4228,0.3016,0.2756
FNSPID_14679,Western Digital shares trading lower in sympathy with overall market weakness. The stock broke below the $60 level yesterday.,neutral,up,0.3701,0.3701,0.3416,0.2883
FNSPID_13185,"Pilgrim's Pride Shares Down 1% After Hours, Potentially In Sympathy With Tyson Following Warning",neutral,down,0.3797,0.3797,0.3048,0.3155
FNSPID_13171,"Barron's Picks And Pans: Activision, AT&T, Boeing, Ford, Nike, Square And More",neutral,down,0.3861,0.3282,0.2857,0.3861
FNSPID_02611,Commentary: The Good And Bad Of Precision Scheduled Railroading,neutral,up,0.4034,0.3108,0.2859,0.4034
FNSPID_07283,"Home Depot Core Strength Goes On Despite Cheaper Lumber, Bad Weather And China",neutral,neutral,0.3513,0.3318,0.3169,0.3513
FNSPID_04739,"Earnings Scheduled For December 17, 2019",down,down,0.4022,0.3919,0.4022,0.2059
FNSPID_10669,Evercore ISI Group Downgrades Regeneron Pharmaceuticals to In-Line,neutral,down,0.3699,0.3699,0.3147,0.3154
FNSPID_00633,"Broadcom Sees FY20 Sales $24.5B-$25.5B vs $23.79B Estimate, Adj. EBITDA $13.76B +/- $250M",neutral,down,0.3978,0.3978,0.3422,0.26
FNSPID_14177,"UBS Maintains Sell on Texas Instruments, Raises Price Target to $100",neutral,down,0.3496,0.3359,0.3145,0.3496
FNSPID_05663,GameStop shares are trading lower after the company reported worse-than-expected Q2 EPS and sales results.,down,down,0.4194,0.3697,0.4194,0.2109
FNSPID_02670,CSX And Norfolk Southern Ready Themselves For Dorian,neutral,neutral,0.3721,0.3093,0.3186,0.3721
FNSPID_09152,"Oppenheimer Maintains Outperform on Medtronic, Raises Price Target to $123",neutral,down,0.3659,0.3255,0.3086,0.3659
FNSPID_01163,4 Ways To Reward Yourself For Grocery Shopping,neutral,up,0.4068,0.33,0.2632,0.4068
FNSPID_03142,EA's Strong Quarter Overshadowed By 'Battlefield' Pushout,neutral,neutral,0.4036,0.3141,0.2823,0.4036
FNSPID_01627,Shares of several banks and broader financial companies are trading higher with the broader stock market after the Chinese Minister of Commerce said the leaders of the U.S. and China are set to meet in Washington D.C in early October.,neutral,neutral,0.3923,0.3923,0.3068,0.301
FNSPID_00660,Broadcom shares are trading higher after the company reported it is expanding its collaboration with Infosys. The company was also upgraded by UBS from Neutral to Buy and raised its price target was raised from $23 to $27.,up,neutral,0.4179,0.4179,0.2343,0.3478
FNSPID_03165,Electronic Arts Says Implemented Fix Related To FIFA 20 Global Series Registration Page Issue,neutral,down,0.3553,0.3553,0.3035,0.3412
FNSPID_04900,"Energy Shares Up, Transports Lower In Pre-Market Trading After Attacks On Saudi Arabia",neutral,neutral,0.3879,0.3879,0.3275,0.2846
FNSPID_03141,How Video Game Stocks Perform Heading Into The Holiday Shopping Season,neutral,neutral,0.39,0.3244,0.2856,0.39
FNSPID_11173,Schlumberger shares are trading lower on seemingly no company-specific news.,neutral,down,0.3754,0.3754,0.3627,0.2619
FNSPID_07167,"UPDATE: Nomura Maintains Neutral On Home Depot, Lowers Target To $224 After Attending Co's Investor Conference Firm Notes 'we believe that 2020 will likely be a trough year'",up,neutral,0.4223,0.4223,0.2957,0.282
FNSPID_08746,"The Week Ahead In Biotech: Pfenex And Clinuvel On The Radar Ahead of FDA Decisions, 2 IPOs On Deck",neutral,neutral,0.3661,0.3661,0.2759,0.358
FNSPID_14641,Western Digital shares are trading higher in sympathy with Micron Technology after the company reported better-than-expected Q1 sales results.,up,up,0.4488,0.4488,0.312,0.2392
FNSPID_04133,"Bulls And Bears Of The Week: Apple, Disney, Microsoft, Uber And More",neutral,up,0.4088,0.3137,0.2775,0.4088
FNSPID_04782,"In Change To Flat-Rate Shipping Program, FedEx Revises Packaging Rules",neutral,neutral,0.3883,0.3883,0.3055,0.3062
FNSPID_04904,Air Cargo CEOs Among New US-UK Aviation Security Group,neutral,neutral,0.3763,0.3763,0.2857,0.338
FNSPID_00630,Broadcom On Conference Call Says Plans To Pay Down $4B In Debt In FY20,neutral,down,0.3949,0.3949,0.3245,0.2807
FNSPID_07683,"Earnings Scheduled For September 12, 2019",neutral,up,0.3984,0.39,0.3984,0.2116
FNSPID_13143,Tyson Foods shares are trading higher after China lifted restrictions on U.S. poultry meat imports and farm products.,up,neutral,0.419,0.419,0.3042,0.2769
FNSPID_08207,"A Look At Benzinga Pro's Most-Searched Tickers For August 21, 2019",neutral,neutral,0.3778,0.3275,0.2948,0.3778
FNSPID_09712,10 Worst Performing S&P 500 Stocks Of 2019,neutral,neutral,0.3606,0.3606,0.3229,0.3165
FNSPID_09192,"Home Depot, Shopify And More 'Fast Money Halftime Report' Picks From August 21",neutral,neutral,0.383,0.2926,0.3244,0.383
FNSPID_07193,Sell-Side Is Constructive On Lowe's After Q3 Earnings Beat,neutral,neutral,0.3858,0.3858,0.3031,0.3111
FNSPID_09202,"UBS Maintains Buy on Medtronic, Raises Price Target to $122",neutral,neutral,0.3507,0.3473,0.302,0.3507
FNSPID_12624,"Citi Maintains Buy on TJX Companies, Raises Price Target to $70",neutral,neutral,0.3522,0.3464,0.3013,0.3522
FNSPID_02182,Shares of several Brazilian companies are trading higher on renewed optimism surrounding US-China trade talks after President Trump announced earlier in the week that he would delay additional tariffs on Chinese goods until December.,up,up,0.4847,0.4847,0.2938,0.2214
FNSPID_05605,PreMarket Prep Recap: Who Let The Bulls Out?,neutral,up,0.3834,0.3492,0.2674,0.3834
FNSPID_02130,Cigna shares are trading lower. Not seeing any news to justify the price action.,neutral,neutral,0.3984,0.3984,0.3104,0.2913
FNSPID_14655,Western Digital shares are trading lower. Not seeing any news to justify the price action.,up,up,0.4155,0.4155,0.3011,0.2834
FNSPID_14167,Bank of America Upgrades Texas Instruments to Buy,neutral,up,0.3645,0.3645,0.3018,0.3338
FNSPID_02168,Cigna Reports Expansion Of Its Individual Health Care Exchange Offerings To 19 New Markets Across 10 States,neutral,up,0.3949,0.3949,0.2687,0.3363
FNSPID_00669,Huawei Reshuffles US-Linked Executives Amidst Reported Increase in Sales,neutral,neutral,0.3834,0.3834,0.319,0.2976
FNSPID_11204,"Shares of oil companies are trading lower following a larger-than-expected build in US crude inventories. Additionally, overall market weakness and recession fears are weighing on oil demand outlook.",up,neutral,0.4184,0.4184,0.2944,0.2872
FNSPID_14660,Western Digital shares are trading higher on a rebound after the stock dropped approximately 7% after the company issued Q2 EPS guidance below analyst estimates.,down,up,0.4191,0.3781,0.4191,0.2029
FNSPID_00627,"Wells Fargo Maintains Equal-Weight on Broadcom, Raises Price Target to $330",neutral,up,0.3732,0.3246,0.3022,0.3732
FNSPID_06737,"Citigroup Maintains Buy on Halliburton, Lowers Price Target to $27",neutral,up,0.3457,0.3457,0.3088,0.3455
FNSPID_03164,"Shares of several technology companies are trading lower as optimism around the upcoming U.S.-China trade talks waned. A report says China is toning down its expectations of the meeting. The U.S. expanded its trade blacklist, and scheduled an increase in tariffs on $250 billion worth of Chinese goods from 25% to 30% on Oct. 15, which will go into effect if no progress is made.",up,neutral,0.4616,0.4616,0.2588,0.2796
FNSPID_04807,Goldman Sachs Cuts 2020 Transports Earnings Estimates On Industrial Weakness,neutral,up,0.355,0.355,0.3381,0.3069
FNSPID_10665,"Benzinga's Top Upgrades, Downgrades For December 24, 2019",neutral,neutral,0.3786,0.3786,0.3068,0.3145
FNSPID_12670,10 Biggest Price Target Changes For Friday,neutral,neutral,0.3865,0.3218,0.2917,0.3865
FNSPID_14128,Shares of several semiconductors shares are trading higher in sympathy with Lam Research after the company reported better-than-expected Q1 EPS and sales results. The company had also issued Q2 EPS and sales above analyst estimates.,up,up,0.4361,0.4361,0.3399,0.224
FNSPID_14142,"SunTrust Robinson Humphrey Maintains Hold on Texas Instruments, Lowers Price Target to $122",neutral,neutral,0.3608,0.3341,0.3051,0.3608
FNSPID_00694,"UPDATE: Morgan Stanley Maintains Equal-Weight On Broadcom, Raises Target To $265 As Firm Notes 'No big surprises this quarter; demand commentary was cautious'",up,neutral,0.4278,0.4278,0.2894,0.2828
FNSPID_04768,BiTA Announces Involvement In 2 Blockchain Proof-Of-Concept Projects,neutral,up,0.3479,0.3479,0.3179,0.3342
FNSPID_05487,"The Daily Biotech Pulse: Axovant Surges On Gene Therapy Study Results, FDA Approves Merck's Ebola Vaccine, Abeona Announces Offering",neutral,neutral,0.399,0.3398,0.2612,0.399
FNSPID_08185,"Driving Higher: Market Keeps Hanging In, On Pace For Another Record-Setting Week",neutral,down,0.3607,0.3607,0.2968,0.3425
FNSPID_02638,Week 40 Picks Up Where Third Quarter Left Off,neutral,up,0.3547,0.3448,0.3006,0.3547
FNSPID_12623,"Wells Fargo Maintains Market Perform On TJX Companies, Raises Price Target To $60",neutral,neutral,0.3615,0.3351,0.3034,0.3615
FNSPID_02593,Experts Predict More Short Line Railroad Mergers And Acquisitions,neutral,neutral,0.3864,0.2978,0.3159,0.3864
FNSPID_08729,"Mixed Bag: Better Outlooks From Lockheed, United Technologies, But McDonald's Misses",neutral,down,0.3499,0.3499,0.3062,0.3439
FNSPID_09164,"U.S Researchers Report Medications, Lifestyle Changes as Effective as Stents for Many Heart Patients",neutral,neutral,0.3957,0.3612,0.2431,0.3957
FNSPID_05616,"UPDATE: Baird Maintains Neutral On GameStop, Lowers Target To $5 Notes Co's 'Double whammy includes end-of-cycle downturn and digital shift'; 'Q3 miss driven by hardware declines, lighter software release slate'",neutral,neutral,0.3971,0.3971,0.3103,0.2925
FNSPID_04738,"8 Stocks To Watch For December 17, 2019",neutral,down,0.3957,0.3957,0.3369,0.2675
FNSPID_09735,Occidental Petroleum shares are trading higher after Berkshire Hathaway issued a 13F filing showing a new 7.5 million share stake in the company.,up,neutral,0.4067,0.4067,0.3074,0.2859
FNSPID_08753,Eli Lilly to Present Data at the European Society for Medical Oncology,neutral,neutral,0.3731,0.313,0.3139,0.3731
FNSPID_07697,Kroger and Walgreens Expand its Exploratory Pilot for Kroger Express in Walgreens Stores,neutral,neutral,0.37,0.3547,0.2753,0.37
FNSPID_14157,"Shares of several semiconductor companies are trading higher in sympathy with the overall market after multiple companies reported earnings that topped expectations, bringing the whole market higher on positive sentiment.",up,down,0.4435,0.4435,0.2317,0.3248
FNSPID_14174,"Stifel Maintains Hold on Texas Instruments, Lowers Price Target to $117",neutral,neutral,0.3459,0.3459,0.3159,0.3382
FNSPID_08182,"Earnings Scheduled For November 19, 2019",down,neutral,0.4046,0.3887,0.4046,0.2067
FNSPID_11211,"Citigroup Maintains Buy on Schlumberger, Lowers Price Target to $44",neutral,down,0.352,0.352,0.3057,0.3423
FNSPID_00695,CORRECTION: Morgan Stanley Raised Price Target On Broadcom From $250 To $265,neutral,neutral,0.3645,0.3645,0.2804,0.3551
FNSPID_12092,"The Week In Cannabis: Peru Rolls Out Sales, Uruguay Updates Rules, MLB Stops Testing Players, Canopy Hires New CEO",neutral,neutral,0.3666,0.3474,0.286,0.3666
FNSPID_14706,15 Technology Stocks Moving In Wednesday's Pre-Market Session,up,up,0.4274,0.4274,0.2858,0.2868
FNSPID_02640,CSX And Union Pacific Make Changes To Sales And Marketing Teams,neutral,up,0.3582,0.3582,0.3361,0.3057
FNSPID_13193,Tyson Foods Option Alert: Oct 18 $95 Calls Sweep (3) above Ask!: 500 @ $1.907 vs 135 OI; Ref=$90.67,neutral,down,0.3818,0.3319,0.2863,0.3818
FNSPID_08703,"Trump Says he Will Release a Plan to Let States Import Prescription Drugs Which are ""MUCH CHEAPER""",neutral,up,0.3941,0.3941,0.2674,0.3385
FNSPID_05495,"Credit Suisse Downgrades Gilead Sciences to Underperform, Lowers Price Target to $63",neutral,neutral,0.3557,0.3557,0.3371,0.3073
FNSPID_02655,Norfolk Southern Taps Mongeau For Board Seat,neutral,neutral,0.3819,0.3175,0.3006,0.3819
FNSPID_04874,"Credit Suisse Maintains Outperform on FedEx, Lowers Price Target to $168",neutral,up,0.3511,0.3511,0.3235,0.3254
FNSPID_10663,10 Best Performing S&P 500 Stocks Of The Decade,neutral,neutral,0.3759,0.3759,0.301,0.3231
FNSPID_12102,"Food And Beverage Shakeups: Constellation Sells Ballast Point, PepsiCo Acquires PopCorners Maker",neutral,neutral,0.3621,0.3492,0.2886,0.3621
FNSPID_11149,Schlumberger shares are trading higher. Not seeing any news to justify the price action.,up,up,0.4182,0.4182,0.2897,0.2921
FNSPID_06092,68 Biggest Movers From Yesterday,neutral,down,0.3976,0.3751,0.3976,0.2273
FNSPID_00688,Broadcom shares are trading lower following news of a $3 billion series A mandatory convertible preferred stock offering.,neutral,down,0.3865,0.3865,0.3326,0.2808
FNSPID_11217,"Wells Fargo Maintains Outperform on Schlumberger, Lowers Price Target to $44",neutral,up,0.3432,0.3432,0.3201,0.3367
FNSPID_01612,"A Peek Into The Markets: US Stock Futures Rise Ahead Of Goldman Sachs, Citigroup Earnings",neutral,neutral,0.389,0.389,0.2828,0.3283
FNSPID_02154,"Mizuho Initiates Coverage On Cigna with Buy Rating, Announces $180 Price Target",neutral,neutral,0.361,0.361,0.2998,0.3392
FNSPID_04803,"Wing Teams Up With FedEx, Walgreens For Milestone Drone Delivery",neutral,up,0.3705,0.3421,0.2873,0.3705
FNSPID_10675,Hearing Sanofi May Sell Regeneron Stake After Lockup Expires,neutral,neutral,0.3941,0.3941,0.3147,0.2912
FNSPID_00611,"Barron's Picks And Pans: Applied Materials, Boeing, Travelers And More",neutral,neutral,0.3766,0.3344,0.289,0.3766
FNSPID_11212,Shares of several oil & gas companies are trading lower after Saudi Arabia announced it is close to restoring 70% of the 5.7 million BPD of oil output loss and will be back at normal levels in a matter of weeks. NOTE: The return of output to normal levels was initially expected to take months.,neutral,neutral,0.3506,0.3466,0.3506,0.3028
FNSPID_04762,'Fast Money Halftime Report' Picks From Nov. 27,neutral,down,0.359,0.3291,0.3118,0.359
FNSPID_13184,6 Stocks Moving In Tuesday's After-Hours Session,up,down,0.4404,0.4404,0.2957,0.2639
FNSPID_06729,10 Biggest Price Target Changes For Monday,neutral,down,0.3916,0.3179,0.2905,0.3916
FNSPID_02133,Cigna Reaffirms FY19 Adj. Net Income Guidance $6.38B-$6.46B,neutral,neutral,0.3735,0.3735,0.3616,0.2649
FNSPID_07177,Credit Suisse Upgrades Home Depot to Outperform,neutral,neutral,0.3488,0.3488,0.3343,0.3169
FNSPID_10697,10 Healthcare Stocks Moving In Tuesday's Pre-Market Session,up,down,0.4338,0.4338,0.2901,0.2762
FNSPID_04809,'Fast Money' Picks For October 14,neutral,up,0.3935,0.2947,0.3118,0.3935
FNSPID_03603,"Trump Says First Phase Of US, Japan Trade Deal Will Open Up Markets To $7B Of US Products, Reached Deal On Robust Commitments For $40B Of Digital Trade",up,neutral,0.4081,0.4081,0.2925,0.2993
FNSPID_02608,"Benzinga's Top Upgrades, Downgrades For November 12, 2019",neutral,down,0.3761,0.3761,0.306,0.3179
FNSPID_06690,"Stifel Maintains Buy on Halliburton, Lowers Price Target to $26",neutral,up,0.3432,0.3432,0.318,0.3388
FNSPID_07653,"Kroger Shares Unaffected Following Co. Press Release Highlighting Women In California, Colorado, Idaho, New Mexico, Oregon, Utah, Washington Can Obtain Contraceptives From A Kroger Health Pharmacy",neutral,down,0.3914,0.3526,0.256,0.3914
FNSPID_08166,"Wedbush Maintains Neutral on Kohl's, Lowers Price Target to $50",neutral,neutral,0.3343,0.3327,0.333,0.3343
FNSPID_10103,Shares of several oil and gas companies are trading higher after OPEC cut its oil production growth forecast. An IEA report also indicated global oil demand growth in Q3.,up,down,0.4084,0.4084,0.2766,0.315
FNSPID_02619,CSX Agrees To Purchase About 4.7M Shares Of Common Stock From Mantle Ridge,neutral,down,0.3464,0.3276,0.326,0.3464
FNSPID_04756,"Celadon, Biggest Bankruptcy In Truckload History Expected By Mid-Week",neutral,neutral,0.3404,0.3404,0.3261,0.3335
FNSPID_02674,OmniTRAX Acquires Shortline Railroad Assets In Northern Ohio,neutral,up,0.3594,0.3594,0.3327,0.3079
FNSPID_14139,16 Technology Stocks Moving In Wednesday's Pre-Market Session,up,neutral,0.4298,0.4298,0.2903,0.2799
FNSPID_11148,"Shares of oil & gas companies are trading higher following multiple positive US-China trade developments, including a tweet from President Trump suggesting the US is 'very close' to a deal.",up,neutral,0.4481,0.4481,0.2613,0.2905
FNSPID_09790,"Goldman Sachs Reinstates Neutral on Occidental Petroleum, Announces $52.5 Price Target",neutral,up,0.3627,0.3627,0.3092,0.3281
FNSPID_02594,CSX And Virginia To Create Separate Freight And Passenger Rail Routes,neutral,neutral,0.3519,0.3445,0.3036,0.3519
FNSPID_04907,"Apple, Twitter And More 'Fast Money' Picks For September 9",neutral,up,0.3982,0.2944,0.3075,0.3982
FNSPID_05649,"Baird Maintains Neutral, $6 Target On Gamestop As Firm Notes Co's 'Strategic update provides new focus, but headwinds remain strong' As Firm Notes 'the near-term impact of an ending console cycle is likely to more than offset any material improvements'",up,neutral,0.4354,0.4354,0.308,0.2565
FNSPID_09218,"Deutsche Bank Maintains Buy on Medtronic, Raises Price Target to $111",neutral,up,0.3601,0.3416,0.2983,0.3601
FNSPID_04139,BofA Upgrades Freeport-McMoRan In Anticipation Of Grasberg Contribution,neutral,neutral,0.3377,0.3377,0.3301,0.3322
FNSPID_04705,Today's Pickup: Isuzu Motors To Acquire Volvo's UD Trucks For $2.3 Billion,neutral,neutral,0.375,0.375,0.2918,0.3332
FNSPID_12614,'Their Model Continues To Thrive': TJX Analysts React To Q3 Earnings Beat,up,neutral,0.4263,0.4263,0.2893,0.2844
FNSPID_06101,JP Morgan Downgrades Groupon to Underweight,neutral,neutral,0.3656,0.3656,0.3338,0.3006
FNSPID_04186,Stocks That Hit 52-Week Lows On Wednesday,neutral,up,0.3749,0.3173,0.3079,0.3749
FNSPID_03619,"Benzinga Pro Mid-Day Price Check For Regional ETFs: Canada (EWC) Up 0.4, China (FXI) Up 0.4%, Brazil (EWZ) Up 0.3%, Russia (RSX) Up 0.3%, Japan (EWJ) Up 0.2%, Australia (EWA) Up 0.1%, India (INDA) Down 0.1%, US (SPY) Down 0.3%",neutral,neutral,0.6142,0.1965,0.1893,0.6142
FNSPID_01167,Shares of several financial companies are trading lower in sympathy with the overall market on continued fears of a recession amid a weak ADP jobs report. There is also uncertainty in the market over the upcoming U.S.-China meeting next week.,neutral,neutral,0.3863,0.3863,0.2978,0.316
FNSPID_07682,"7 Stocks To Watch For September 12, 2019",neutral,up,0.385,0.385,0.336,0.279
FNSPID_04783,"Uber Shares Hit The Curb After Earnings, But Trade Optimism Continues To Lift Market",up,down,0.4219,0.4219,0.2937,0.2844
FNSPID_10714,"The Daily Biotech Pulse: Translate Bio Halts mRNA Therapy Trial, Roche Multiple Sclerosis Biomarker Data, D-Day For Xeris",neutral,neutral,0.4151,0.3254,0.2595,0.4151
FNSPID_06719,No Zip: Energy Sector Q3 Seen Weak Despite Attack On Oil Supplies,up,up,0.4108,0.4108,0.3,0.2891
FNSPID_14685,Western Digital shares are trading higher after the company announced the sale of IntelliFlash business to DDN and it intends to exit storage systems.,neutral,down,0.3876,0.3876,0.339,0.2733
FNSPID_04843,Mike Khouw Sees Unusual Activity In FedEx,neutral,down,0.3803,0.3803,0.3389,0.2807
FNSPID_04115,Freeport-McMoRan Shares Fall Modestly Over Last Few Mins. Following Large Block Trade Of 1.5M Shares At $13.10/Share,neutral,neutral,0.379,0.379,0.3544,0.2666
FNSPID_00143,Shares of several retail companies are trading higher in sympathy with Target after the company reported better-than-expected Q2 EPS and sales and raised FY19 guidance.,up,up,0.4828,0.4828,0.2864,0.2308
FNSPID_13146,"BMO Capital Maintains Outperform on Tyson Foods, Raises Price Target to $98",neutral,up,0.3464,0.3464,0.3097,0.3439
FNSPID_14164,Stocks That Hit 52-Week Highs On Tuesday,neutral,down,0.3969,0.307,0.2961,0.3969
FNSPID_04706,"UPDATE: Bank Of America Reiterates Neutral On FedEx, Lowers Target To $163 Notes 'We believe FedEx shares reflect overhang from higher Express/ TNT costs, economic and trade overhang, and the lost Amazon Ground and Express business'",up,neutral,0.4638,0.4638,0.2657,0.2705
FNSPID_06093,42 Stocks Moving In Tuesday's Mid-Day Session,up,neutral,0.4265,0.4265,0.3062,0.2673
FNSPID_04718,"Bank of America Reiterates Neutral on FedEx, Lowers Price Target to $163",neutral,neutral,0.3437,0.3405,0.3158,0.3437
FNSPID_00680,"Hearing EU Antitrust Regulator Will, In Oct., Give Broadcom Interim Order To Stop Anti-Competitive Practices",neutral,down,0.3593,0.3593,0.2916,0.3491
FNSPID_02126,UPDATE: Baird's Coldwell Also Attributes Weakness In Pharmacy Services To A Hodgepodge Of Other/Less Impactful Items Such As:,neutral,neutral,0.3802,0.3802,0.3258,0.2941
FNSPID_01605,"Benzinga's Top Upgrades, Downgrades For November 6, 2019",neutral,neutral,0.3772,0.3772,0.3062,0.3166
FNSPID_11225,Schlumberger shares are trading higher after Morgan Stanley upgraded the stock from Equal-Weight to Overweight rating.,up,neutral,0.435,0.435,0.283,0.282
FNSPID_09144,ViewRay Signs MOU For Collaboration With Elekta And Medtronic,neutral,neutral,0.3787,0.3787,0.3166,0.3047
FNSPID_00616,UPDATE: Broadcom's RF Wireless Chip Unit Could Be Worth $10B,neutral,down,0.3838,0.3663,0.2499,0.3838
FNSPID_04129,Freeport-McMoRan Option Alert: Dec 13 $11.5 Calls Sweep (13) above Ask!: 932 @ $0.38 vs 6343 OI; Earnings 1/23 Before Open [est] Ref=$11.545,neutral,down,0.3707,0.3707,0.3187,0.3106
FNSPID_02119,Cigna shares are trading higher after the company announced the sale of its group life and disability insurance business to New York Life for $6.3 billion. The company also raised its buyback authorization to $4 billion.,up,neutral,0.4438,0.4438,0.2559,0.3003
FNSPID_06710,Halliburton shares are trading higher after Citigroup maintained its Buy rating on the stock.,up,up,0.4101,0.4101,0.311,0.2789
FNSPID_08754,Shares of several drug companies are trading higher after Senate Majority Leader McConnell suggested a new Democratic drug price reform proposal would be dead on arrival.,neutral,down,0.3881,0.3881,0.3265,0.2855
FNSPID_12628,TJX Shares Quiet Despite Comment On Q3 Earnings Conference Call Mgmt Has Started To See Some Pressure On Margins Directly Sourced From China,up,down,0.4106,0.4106,0.3285,0.2609
FNSPID_14643,Western Digital shares are trading higher after analysts at Susquehanna upgraded its rating of the stock from Neutral to Positive.,up,up,0.4479,0.4479,0.2703,0.2819
FNSPID_07285,Cramer To Trump: Listen To Home Depot CFO's Comments On Trade,neutral,neutral,0.3603,0.3542,0.2856,0.3603
FNSPID_02161,BMO Capital Upgrades Cigna to Outperform,neutral,neutral,0.3751,0.3751,0.3229,0.3021
FNSPID_14141,"Morgan Stanley Maintains Equal-Weight on Texas Instruments, Lowers Price Target to $109",neutral,neutral,0.3573,0.3351,0.3075,0.3573
FNSPID_04829,8 Industrials Stocks Moving In Wednesday's Pre-Market Session,up,neutral,0.4436,0.4436,0.2977,0.2587
FNSPID_14129,"Earnings Deluge As Twitter, Ford, 3M Fall While Tesla, Microsoft Rise; Amazon Later",neutral,up,0.3773,0.3773,0.2811,0.3416
FNSPID_14117,Shares of semiconductor companies are trading higher after President Trump tweeted the US and China are 'getting very close to a big deal.',up,neutral,0.4112,0.4112,0.2931,0.2957
FNSPID_02176,"Cigna, CVS Developing Programs to Help Employers Afford Gene Therapies That Can Cost $2M+",neutral,up,0.3786,0.3786,0.2978,0.3236
FNSPID_12095,"Credit Suisse Maintains Outperform on Constellation Brands, Raises Price Target to $233",neutral,neutral,0.3488,0.3448,0.3064,0.3488
FNSPID_12639,"Wedbush Maintains Neutral on TJX Companies, Raises Price Target to $60",neutral,neutral,0.3494,0.3494,0.3177,0.333
FNSPID_07304,A Peek Into The Markets: US Stock Futures Flat Ahead Of Retail Earnings,neutral,up,0.3863,0.3863,0.2977,0.316
FNSPID_03606,"Benzinga Pro Mid-Day Price Check For Regional ETFs: US (SPY) Up 0.1%, Australia (EWA) Down 0.3%, Canada (EWC) Down 0.5%, Japan (EWJ) Down 0.9%, Brazil (EWZ) Down 0.9%, India (INDA) Down 0.9%, China (FXI) Down 1.1%, Russia (RSX) Down 1.6%",neutral,neutral,0.5952,0.1851,0.2197,0.5952
FNSPID_07276,"Summer Doldrums Explode Along With Tariff War, Tweets",neutral,neutral,0.3546,0.3313,0.3141,0.3546
FNSPID_07281,"A Look At Benzinga Pro's Most-Searched Tickers For August 21, 2019",neutral,neutral,0.3778,0.3275,0.2948,0.3778
FNSPID_05485,"Gilead and Eisai Enter Into Agreement in Japan for the Co-Promotion of the Investigational Rheumatoid Arthritis Therapy Filgotinib, Pending Regulatory Approval",neutral,neutral,0.3805,0.3805,0.3036,0.3159
FNSPID_09207,32 Stocks Moving in Tuesday's Pre-Market Session,up,neutral,0.4162,0.4162,0.3045,0.2793
FNSPID_05678,GameStop shares are trading higher after Michael Burry announced a long position in the company.,neutral,down,0.3974,0.3974,0.3302,0.2724
FNSPID_00139,American Eagle Outfitters Option Alert: Sep 6 $18 Calls at the Ask: 1500 @ $0.551 vs 287 OI; Earnings 8/28 Before Open [est] Ref=$16.875,neutral,down,0.3638,0.3638,0.3136,0.3226
FNSPID_07269,East Coast Freight Markets Distorted By Dorian Response,neutral,neutral,0.3788,0.3788,0.2954,0.3258
FNSPID_09798,10 Biggest Price Target Changes For Monday,neutral,neutral,0.3916,0.3179,0.2905,0.3916
FNSPID_04834,DHL Express Hikes US Rates 5.9% For 2020,neutral,down,0.3854,0.3854,0.3038,0.3108
FNSPID_11161,Shares of several oil & gas companies are trading lower after Saudi Arabia's crude exports fell from 6.88M to 6.67M barrels per day in September indicating a lower demand for oil and gas.,down,down,0.5013,0.3155,0.5013,0.1832
FNSPID_01171,Shares of several financial companies are trading lower after the Fed cut interest rates by another quarter point. NOTE: A interest rate cut limits the profits that banks make because they get less when they lend money to clients.,neutral,neutral,0.3797,0.3563,0.2641,0.3797
FNSPID_11164,Shares of several oil & gas companies are trading lower on concerns of slower economic growth and oil demand after Trump gave mixed messages about U.S.-China trade talks and did not mention any specifics about progress in negotiations.,up,down,0.4274,0.4274,0.3107,0.2619
FNSPID_04852,Today's Pickup: Germany Moves To Tighten Rules On Delivery Subcontractors,up,up,0.4025,0.4025,0.3028,0.2947
FNSPID_11153,"Home Depot, Schlumberger And More 'Fast Money' Picks For Dec. 3",neutral,up,0.3751,0.3016,0.3233,0.3751
FNSPID_09754,"Shares of several oil & gas companies are trading higher on optimism around the U.S.-China trade deal. China's factory activity expanded and U.S. job growth slowed less than expected in October, signaling optimism around the global economy.",up,up,0.4395,0.4395,0.2587,0.3018
FNSPID_07657,Kroger shares are trading lower after Jefferies downgraded the company's stock from Buy to Hold and lowered the price target from $29 to $26.,neutral,up,0.3706,0.3706,0.3481,0.2813
FNSPID_04698,"UPDATE: Morgan Stanley Maintains Equal-Weight On FedEx, Lowers Target To $109 Notes 'We thought that EPS had bottomed after 1Q but we were wrong'",neutral,neutral,0.3991,0.3991,0.3106,0.2903
FNSPID_04165,"UBS Upgrades Freeport-McMoRan On Sell-Off, Projects Rising Copper Prices",neutral,up,0.3846,0.3846,0.3066,0.3088
FNSPID_08765,Eli Lilly Reports FDA Accepted Application To Enter Complex Innovative Trial Designs Pilot Meeting Program,neutral,neutral,0.3788,0.3229,0.2983,0.3788
FNSPID_00629,"5 Stocks To Watch For December 13, 2019",neutral,up,0.3919,0.3919,0.3316,0.2765
FNSPID_04774,UPS To Waive Money-Back Guarantees If Third Parties Use Tracking Data,neutral,down,0.3591,0.3591,0.3383,0.3026
FNSPID_03595,"Tariffs On Japanese Cars, Car Parts Will Be Eliminated Through Further Talks, No Time Frame Set",neutral,neutral,0.3739,0.3739,0.2748,0.3513
FNSPID_10689,16 S&P 500 Stocks With The Most Insider Ownership,neutral,neutral,0.3625,0.3625,0.2939,0.3436
FNSPID_03140,"UBS Maintains Buy on Electronic Arts, Raises Price Target to $122",neutral,up,0.3496,0.3496,0.3045,0.3459
FNSPID_01624,"Morgan Stanley Maintains Overweight, $553 Target On BlackRock As Firm Notes 'We see a compelling tactical buying opportunity in BLK shares amid significant relative underperformance vs TROW of ~14% over the past 60 days'",up,neutral,0.4769,0.4769,0.2813,0.2418
FNSPID_04144,Jon Najarian Highlights Unusual Activity In PayPal And Freeport-McMoRan,neutral,up,0.3659,0.3659,0.331,0.3031
FNSPID_04690,Amazon Says Its Last-Mile Delivery Network Is On Track To Deliver 3.5B Packages In 2019,neutral,neutral,0.3598,0.3587,0.2814,0.3598
FNSPID_03138,Electronic Arts Option Alert: Jan 17 $110 Calls at the Ask: 900 @ $0.6 vs 4504 OI; Ref=$97.755,neutral,neutral,0.3477,0.3477,0.3095,0.3428
FNSPID_02648,"JP Morgan Downgrades CSX to Neutral, Lowers Price Target to $76",neutral,neutral,0.3519,0.3519,0.3175,0.3307
FNSPID_07271,Large Retail Chains Activate Disaster Teams To Replenish Florida Stores,neutral,down,0.3794,0.3003,0.3203,0.3794
FNSPID_13139,"Tyson Receives Approval From US, Chinese Regulators Related To Export Of American Poultry To China From All 36 Of Co.'s US Processing Plants, Sees Orders Commencing Early 2020",up,neutral,0.4086,0.4086,0.3276,0.2639
FNSPID_02118,"Deutsche Bank Maintains Buy on Cigna, Raises Price Target to $229",neutral,up,0.3497,0.3467,0.3036,0.3497
FNSPID_00659,"Morgan Stanley Maintains Equal-Weight on Broadcom, Raises Price Target to $298",neutral,neutral,0.3634,0.339,0.2976,0.3634
FNSPID_06721,Halliburton shares are trading lowed despite no company-specific news. NOTE: Global markets have been volatile today following the renewal of US-China trade threats.,up,neutral,0.4443,0.4443,0.2703,0.2854
FNSPID_02647,A Peek Into The Markets: US Stock Futures Fall; All Eyes On Jobs Data,neutral,neutral,0.3865,0.3865,0.3105,0.303
FNSPID_09750,"Occidental Petroleum Q3 EPS $0.11 Misses $0.38 Estimate, GAAP EPS $(1.08)",neutral,down,0.3801,0.3801,0.3231,0.2967
FNSPID_08722,"The Daily Biotech Pulse: Eli Lily Revenues Trail Estimates, Moderna Gets Fast Track Designation, MacroGenics' Lukewarm Breast Cancer Data",neutral,neutral,0.41,0.3294,0.2606,0.41
FNSPID_06686,UPDATE: Argus Downgrades Haliburton To Hold As Firm Expects Co.'to face pressure from rising crude oil inventories and moderating global demand' to face pressure from rising crude oil',up,down,0.4183,0.4183,0.2903,0.2914
FNSPID_05622,"Credit Suisse Maintains Underperform on GameStop, Lowers Price Target to $5",neutral,neutral,0.3526,0.3526,0.3337,0.3137
FNSPID_02177,"Shares of several healthcare companies are trading lower after the Johnson & Johnson opioid crisis ruling. It is seen as an ominous sign for things to come for the whole sector as there are still 2,000 more lawsuits awaiting.",neutral,neutral,0.3612,0.3612,0.3249,0.3139
FNSPID_09205,22 Healthcare Stocks Moving In Tuesday's Pre-Market Session,up,neutral,0.4248,0.4248,0.2973,0.2778
FNSPID_00684,Broadcom Trades Lower On $3B Debt Offering,neutral,neutral,0.3383,0.3366,0.3383,0.3251
FNSPID_11198,28 Stocks Moving in Friday's Pre-Market Session,up,neutral,0.4275,0.4275,0.3022,0.2704
FNSPID_01164,3 Best Credit Cards For Contractors,neutral,up,0.3546,0.354,0.2913,0.3546
FNSPID_06110,Q3 Earnings Preview For Groupon,neutral,neutral,0.3692,0.3692,0.3293,0.3015
FNSPID_02629,"10 Stocks To Watch For October 17, 2019",neutral,down,0.3828,0.3828,0.3322,0.285
FNSPID_00625,10 Biggest Price Target Changes For Friday,neutral,up,0.3865,0.3218,0.2917,0.3865
FNSPID_09132,"JP Morgan Maintains Overweight on Medtronic, Raises Price Target to $128",neutral,neutral,0.3539,0.3476,0.2985,0.3539
FNSPID_08767,Lilly Receives FDA Approval for Taltz for the Treatment of Active Ankylosing Spondylitis,neutral,neutral,0.3671,0.3381,0.2948,0.3671
FNSPID_09174,Medtronic Receives FDA Breakthrough Device Designation For Developing Stent Graft System To Treat Thoracoabdominal Aortic Aneurysm,neutral,up,0.3624,0.3381,0.2995,0.3624
FNSPID_08701,U.S. Considers Scaling Back IP Protections For Big Drugmakers To Help Win Democratic Support For New Trade Pact With Mexico And Canada,up,neutral,0.4137,0.4137,0.2832,0.3032
FNSPID_06103,24 Stocks Moving in Tuesday's Pre-Market Session,up,down,0.4155,0.4155,0.3,0.2845
FNSPID_06725,30 Stocks Moving in Monday's Pre-Market Session,up,down,0.4165,0.4165,0.2811,0.3024
FNSPID_08736,17 Healthcare Stocks Moving In Wednesday's Pre-Market Session,up,neutral,0.4362,0.4362,0.2937,0.2701
FNSPID_04793,"UPDATE: Alphabet Held Secret 'Logistics Summit' With Representatives From FedEx, Other Shipping Cos.",neutral,neutral,0.3716,0.3716,0.2988,0.3296
FNSPID_04708,"Benzinga's Top Upgrades, Downgrades For December 18, 2019",neutral,neutral,0.3782,0.3782,0.3058,0.3159
FNSPID_13186,Tyson shares are trading lower after the company issued FY19 EPS guidance below analyst estimates.,neutral,down,0.394,0.3857,0.394,0.2202
FNSPID_05664,GameStop Sees FY19 Adj. EPS $1.15-$1.30 vs $1.48 Est.,neutral,down,0.3646,0.3646,0.3325,0.3029
FNSPID_07231,"Barron's Picks And Pans: Medtronic, Tesla, Walmart And More",neutral,down,0.3851,0.3296,0.2854,0.3851
FNSPID_05661,5 Stocks Moving In Tuesday's After-Hours Session,up,down,0.4402,0.4402,0.2952,0.2646
FNSPID_01606,"Deutsche Bank Upgrades BlackRock to Buy, Raises Price Target to $543",neutral,neutral,0.3474,0.3385,0.3141,0.3474
FNSPID_14156,Shares of companies in the semiconductor space are trading higher amid US-China trade optimism. The sector has China exposure and has been highly affected by trade tensions this year.,up,down,0.4261,0.4261,0.3189,0.255
FNSPID_03162,Video Game Stocks Mostly Unaffected By 'Fortnite' Blackout,neutral,up,0.3769,0.3769,0.3157,0.3074
FNSPID_09794,Shares of several oil & gas companies are trading lower on escalated trade tensions after China announced it plans to impose a 5%-10% tariff rate on $75 billion worth of U.S. goods.,up,neutral,0.4232,0.4232,0.3462,0.2306
FNSPID_07633,"Cyber Monday Puts Major Retailers Walmart, Amazon, Target And Others In Focus",neutral,down,0.3718,0.3181,0.31,0.3718
FNSPID_04136,"Benzinga Pro's Top 5 Stocks To Watch For Fri., Nov. 15, 2019: JCP, JD, TLRY, FCX, AMAT",neutral,down,0.3571,0.3571,0.3083,0.3346
FNSPID_08704,Lilly Announces $400M Capital Investment In Manufacturing Facilities In Indianapolis,neutral,neutral,0.3534,0.3534,0.3307,0.316
FNSPID_10715,"The Daily Biotech Pulse: EC Approves Roche's Tecentriq For Breast Cancer, Trevena On Track For NDA Resubmission, Edap Earnings",neutral,neutral,0.3981,0.3372,0.2647,0.3981
